id,first_name,last_name,email,rudidoes_id
1,Ethelbert,Shimoni,eshimoni0@bandcamp.com,1
2,Gwendolyn,Christoffersen,gchristoffersen1@ftc.gov,2
3,Mercedes,Cope,mcope2@buzzfeed.com,3
4,Robinette,Castan,rcastan3@webmd.com,4
5,Pamela,Budnk,pbudnk4@tmall.com,5
6,Wilt,Pook,wpook5@instagram.com,6
7,Liuka,Mease,lmease6@lulu.com,7
8,Trevor,Mettericke,tmettericke7@latimes.com,8
9,Merell,Dennistoun,mdennistoun8@instagram.com,9
10,Bud,Mohun,bmohun9@alibaba.com,10
11,Christi,Sawl,csawla@51.la,11
12,Peggie,Stronack,pstronackb@stanford.edu,12
13,Marni,Astill,mastillc@oracle.com,13
14,Holly,Ulyet,hulyetd@twitter.com,14
15,Mano,Shapcott,mshapcotte@phoca.cz,15
16,Matt,Tucknutt,mtucknuttf@cargocollective.com,16
17,Javier,Petters,jpettersg@umich.edu,17
18,Loreen,Bernardi,lbernardih@printfriendly.com,18
19,Siusan,Bramsen,sbramseni@sogou.com,19
20,Annamarie,Foye,afoyej@msu.edu,20
21,Kandy,Polleye,kpolleyek@google.com.br,21
22,Heda,Lindhe,hlindhel@arizona.edu,22
23,Timmie,Cromarty,tcromartym@vkontakte.ru,23
24,Vanda,Delacroux,vdelacrouxn@mac.com,24
25,Josh,Rowat,jrowato@unc.edu,25
26,Curran,Candey,ccandeyp@ucoz.ru,26
27,Lyn,Morcombe,lmorcombeq@nydailynews.com,27
28,Lucais,Heistermann,lheistermannr@harvard.edu,28
29,Ronald,Mainds,rmaindss@dion.ne.jp,29
30,Hazel,Wittrington,hwittringtont@ft.com,30
31,Cleo,Poppleton,cpoppletonu@shutterfly.com,31
32,Tanner,Merrigan,tmerriganv@booking.com,32
33,Liz,Buick,lbuickw@samsung.com,33
34,Archaimbaud,Allwright,aallwrightx@quantcast.com,34
35,Caitrin,Van der Brugge,cvanderbruggey@youtube.com,35
36,Nial,Shillaker,nshillakerz@springer.com,36
37,Tracie,Iwanowicz,tiwanowicz10@columbia.edu,37
38,Kimble,Cohn,kcohn11@guardian.co.uk,38
39,Glory,Arrundale,garrundale12@pcworld.com,39
40,Lay,Treacher,ltreacher13@dyndns.org,40
41,Henryetta,Penreth,hpenreth14@blinklist.com,41
42,Konstantin,Anthoine,kanthoine15@ow.ly,42
43,Mallory,Alf,malf16@hugedomains.com,43
44,Natalee,Ickovitz,nickovitz17@hud.gov,44
45,Buiron,Pellamonuten,bpellamonuten18@unblog.fr,45
46,Neddie,Bedle,nbedle19@flavors.me,46
47,Homere,Figures,hfigures1a@drupal.org,47
48,Kathye,Birchenough,kbirchenough1b@scientificamerican.com,48
49,Noelyn,Quarles,nquarles1c@java.com,49
50,Tito,Abella,tabella1d@zdnet.com,50
51,Ailey,Joerning,ajoerning1e@ycombinator.com,51
52,Emanuele,Kinch,ekinch1f@engadget.com,52
53,Andres,Geall,ageall1g@twitter.com,53
54,Kipp,Saintsbury,ksaintsbury1h@cornell.edu,54
55,Claudianus,Barents,cbarents1i@simplemachines.org,55
56,Clovis,Greenhalgh,cgreenhalgh1j@admin.ch,56
57,Erwin,Diggles,ediggles1k@a8.net,57
58,Angelina,Innerstone,ainnerstone1l@infoseek.co.jp,58
59,Massimiliano,Rizzardi,mrizzardi1m@shinystat.com,59
60,Witty,Keasley,wkeasley1n@prnewswire.com,60
61,Buddy,Dettmar,bdettmar1o@miitbeian.gov.cn,61
62,Bettine,Ughini,bughini1p@cnet.com,62
63,Nadeen,Hackleton,nhackleton1q@usa.gov,63
64,Padriac,Rubrow,prubrow1r@dropbox.com,64
65,Calhoun,Dessent,cdessent1s@sfgate.com,65
66,Skipton,Crus,scrus1t@php.net,66
67,Gisela,Everard,geverard1u@comsenz.com,67
68,Lamar,Ricardou,lricardou1v@dedecms.com,68
69,Darcy,Hammonds,dhammonds1w@1688.com,69
70,Jenica,Slavin,jslavin1x@clickbank.net,70
71,Dagny,Quarmby,dquarmby1y@fc2.com,71
72,Merla,Amery,mamery1z@creativecommons.org,72
73,Vic,Ackerman,vackerman20@taobao.com,73
74,Elana,Denk,edenk21@theglobeandmail.com,74
75,Rubina,Melledy,rmelledy22@answers.com,75
76,Barr,Humfrey,bhumfrey23@spotify.com,76
77,Marlowe,Aleksich,maleksich24@wsj.com,77
78,Ammamaria,Skittrall,askittrall25@geocities.com,78
79,Johnathon,Padula,jpadula26@istockphoto.com,79
80,Jodie,Dumigan,jdumigan27@about.com,80
81,Priscella,Anthoin,panthoin28@nationalgeographic.com,81
82,Averil,Dorre,adorre29@google.fr,82
83,Danette,Peyto,dpeyto2a@lycos.com,83
84,Loralee,Langfield,llangfield2b@vistaprint.com,84
85,Carlye,Mottley,cmottley2c@stanford.edu,85
86,Shelagh,Road,sroad2d@springer.com,86
87,Dana,MacGregor,dmacgregor2e@webs.com,87
88,Lian,Medd,lmedd2f@facebook.com,88
89,Jaquenetta,Greber,jgreber2g@livejournal.com,89
90,Lidia,Wyeth,lwyeth2h@columbia.edu,90
91,Jasen,Sappell,jsappell2i@ca.gov,91
92,Alfons,Cundey,acundey2j@webmd.com,92
93,Olenolin,Mecozzi,omecozzi2k@thetimes.co.uk,93
94,Hermann,Dalston,hdalston2l@youtube.com,94
95,Francine,Avison,favison2m@prweb.com,95
96,Bret,Gowland,bgowland2n@admin.ch,96
97,Phillida,Deeny,pdeeny2o@washingtonpost.com,97
98,Michael,Eddington,meddington2p@cdbaby.com,98
99,Hanan,Lange,hlange2q@alexa.com,99
100,Janith,Tommen,jtommen2r@blinklist.com,100
101,Ailee,Carrick,acarrick2s@wsj.com,101
102,Sybilla,Vergo,svergo2t@ucsd.edu,102
103,Lillian,O'Reilly,loreilly2u@barnesandnoble.com,103
104,Shay,Backsal,sbacksal2v@sun.com,104
105,Clyde,Dallinder,cdallinder2w@fc2.com,105
106,Syd,Wintersgill,swintersgill2x@bloglines.com,106
107,Adrianne,Maker,amaker2y@slideshare.net,107
108,Jens,Boath,jboath2z@blogtalkradio.com,108
109,Eda,Stonhard,estonhard30@shinystat.com,109
110,Katerine,Presslee,kpresslee31@accuweather.com,110
111,Corty,Jamblin,cjamblin32@smugmug.com,111
112,Demetrius,Rops,drops33@paginegialle.it,112
113,Jereme,Surgener,jsurgener34@biglobe.ne.jp,113
114,Joelle,Mathely,jmathely35@jigsy.com,114
115,Dex,Pietz,dpietz36@furl.net,115
116,Karol,Loftus,kloftus37@samsung.com,116
117,Dominik,Leon,dleon38@moonfruit.com,117
118,Geno,Tenny,gtenny39@blinklist.com,118
119,Shepard,Lehmann,slehmann3a@purevolume.com,119
120,Laina,Loverock,lloverock3b@de.vu,120
121,Gianina,Theriot,gtheriot3c@loc.gov,121
122,Eward,Sargood,esargood3d@nhs.uk,122
123,Constantine,Aglione,caglione3e@meetup.com,123
124,Fan,Howsego,fhowsego3f@slate.com,124
125,Cairistiona,Jorck,cjorck3g@ow.ly,125
126,Margalit,Ramble,mramble3h@google.de,126
127,Cahra,Happer,chapper3i@utexas.edu,127
128,Stern,Brundale,sbrundale3j@last.fm,128
129,Shayne,Garrelts,sgarrelts3k@theguardian.com,129
130,Rhona,Banham,rbanham3l@ucla.edu,130
131,Thedrick,Pankhurst.,tpankhurst3m@latimes.com,131
132,Esteban,Browell,ebrowell3n@tumblr.com,132
133,Ewart,Leeburn,eleeburn3o@live.com,133
134,Crista,Pallister,cpallister3p@ucoz.com,134
135,Huntlee,Hamshere,hhamshere3q@devhub.com,135
136,Aile,Valance,avalance3r@typepad.com,136
137,Karlene,Izon,kizon3s@cargocollective.com,137
138,Brenda,Pluthero,bpluthero3t@amazon.com,138
139,Galvin,Lintott,glintott3u@nasa.gov,139
140,Astra,Vinten,avinten3v@seattletimes.com,140
141,Janot,Schukraft,jschukraft3w@hp.com,141
142,Skylar,McPhail,smcphail3x@newsvine.com,142
143,Inger,Larkins,ilarkins3y@salon.com,143
144,Otto,Cherryman,ocherryman3z@mayoclinic.com,144
145,Dannie,Shireff,dshireff40@msn.com,145
146,Jarrad,Kyles,jkyles41@about.com,146
147,Maryl,Colebourn,mcolebourn42@guardian.co.uk,147
148,Conrado,De la Perrelle,cdelaperrelle43@archive.org,148
149,Merridie,Lemanu,mlemanu44@usa.gov,149
150,Siegfried,Dursley,sdursley45@ycombinator.com,150
151,Moishe,Capinetti,mcapinetti46@walmart.com,151
152,Tobie,Falkner,tfalkner47@multiply.com,152
153,Doralynne,Vizard,dvizard48@gmpg.org,153
154,Saul,Toomer,stoomer49@foxnews.com,154
155,Aldrich,Biffen,abiffen4a@bbb.org,155
156,Vallie,Daveran,vdaveran4b@technorati.com,156
157,Eleanor,Le Leu,eleleu4c@webnode.com,157
158,Zebadiah,Foister,zfoister4d@reverbnation.com,158
159,Josselyn,Lord,jlord4e@storify.com,159
160,Chrysler,Dhennin,cdhennin4f@alibaba.com,160
161,Ardra,MacKartan,amackartan4g@liveinternet.ru,161
162,Jens,Atteridge,jatteridge4h@slideshare.net,162
163,Filippa,Brotherheed,fbrotherheed4i@moonfruit.com,163
164,Blane,Rubega,brubega4j@multiply.com,164
165,Farra,Accomb,faccomb4k@cargocollective.com,165
166,Lottie,Smurthwaite,lsmurthwaite4l@rambler.ru,166
167,Gilemette,Blow,gblow4m@illinois.edu,167
168,Rossie,Grint,rgrint4n@oaic.gov.au,168
169,Bing,Agglio,bagglio4o@nbcnews.com,169
170,Stevana,Echalier,sechalier4p@csmonitor.com,170
171,George,Corssen,gcorssen4q@ocn.ne.jp,171
172,Marnie,Keinrat,mkeinrat4r@senate.gov,172
173,Bobby,Trewartha,btrewartha4s@who.int,173
174,Una,Tale,utale4t@about.com,174
175,Marice,Jelkes,mjelkes4u@oaic.gov.au,175
176,Kaylee,MacCosto,kmaccosto4v@newyorker.com,176
177,Deeanne,Santorini,dsantorini4w@time.com,177
178,Dewey,Solomonides,dsolomonides4x@sina.com.cn,178
179,Zena,De Mattei,zdemattei4y@t-online.de,179
180,Avrom,Edwards,aedwards4z@mediafire.com,180
181,Lamond,Tunn,ltunn50@mac.com,181
182,Marlane,Wickersley,mwickersley51@symantec.com,182
183,Klara,Awde,kawde52@diigo.com,183
184,Sigfried,McFadyen,smcfadyen53@bing.com,184
185,Pavel,Meiner,pmeiner54@cdbaby.com,185
186,Theodosia,Angerstein,tangerstein55@google.nl,186
187,Josepha,Benz,jbenz56@mtv.com,187
188,Odelinda,Williamson,owilliamson57@tripod.com,188
189,Dorthy,O'Carrol,docarrol58@printfriendly.com,189
190,Shae,Farress,sfarress59@usgs.gov,190
191,Amabelle,Dorbin,adorbin5a@t-online.de,191
192,Raimondo,Philips,rphilips5b@marriott.com,192
193,Mitch,Borgars,mborgars5c@oracle.com,193
194,Chase,Ahrendsen,cahrendsen5d@histats.com,194
195,Myles,Raynes,mraynes5e@google.ca,195
196,Maribeth,Longley,mlongley5f@github.io,196
197,Ryon,Courtes,rcourtes5g@github.com,197
198,Flossy,Truscott,ftruscott5h@blogtalkradio.com,198
199,Arturo,Tunnicliff,atunnicliff5i@mail.ru,199
200,Demetre,Swadlen,dswadlen5j@wikia.com,200
201,Walden,Penhalewick,wpenhalewick5k@spiegel.de,201
202,Barri,Jeffress,bjeffress5l@purevolume.com,202
203,Sylvester,Kellie,skellie5m@reddit.com,203
204,Joey,Cornelisse,jcornelisse5n@sohu.com,204
205,Innis,Condell,icondell5o@geocities.jp,205
206,Freddy,Nitto,fnitto5p@netvibes.com,206
207,Martica,Kenryd,mkenryd5q@multiply.com,207
208,Fanechka,Gronowe,fgronowe5r@admin.ch,208
209,Wyatt,Martinon,wmartinon5s@google.com.br,209
210,Morie,Rabson,mrabson5t@narod.ru,210
211,Jasmin,Lorkin,jlorkin5u@blog.com,211
212,Rubetta,Tonbye,rtonbye5v@amazonaws.com,212
213,Dominique,Springall,dspringall5w@usatoday.com,213
214,Paxon,Jemison,pjemison5x@wordpress.org,214
215,Shurlock,Mayling,smayling5y@gravatar.com,215
216,Renard,Whitcomb,rwhitcomb5z@cnbc.com,216
217,Lanny,Pestridge,lpestridge60@wisc.edu,217
218,Kasey,Pulteneye,kpulteneye61@wordpress.org,218
219,Mayne,Monkman,mmonkman62@miitbeian.gov.cn,219
220,Patrizia,MacKettrick,pmackettrick63@indiatimes.com,220
221,Corby,Arne,carne64@nasa.gov,221
222,Dedra,Huygen,dhuygen65@weebly.com,222
223,Rollins,Beddard,rbeddard66@toplist.cz,223
224,Estrellita,Marden,emarden67@macromedia.com,224
225,Natalie,Pabelik,npabelik68@ow.ly,225
226,Lillis,Veeler,lveeler69@stumbleupon.com,226
227,Morena,Walkowski,mwalkowski6a@unc.edu,227
228,Estele,Cage,ecage6b@histats.com,228
229,Alina,Mateos,amateos6c@purevolume.com,229
230,Fan,Slewcock,fslewcock6d@wikimedia.org,230
231,Piggy,Doidge,pdoidge6e@liveinternet.ru,231
232,Fifine,Pelfer,fpelfer6f@goo.ne.jp,232
233,Kaila,Carver,kcarver6g@g.co,233
234,Bert,Halstead,bhalstead6h@amazon.co.uk,234
235,Vitoria,Kliment,vkliment6i@live.com,235
236,Kev,Bladon,kbladon6j@wordpress.com,236
237,Doralynn,Brinkley,dbrinkley6k@istockphoto.com,237
238,Melva,Nolda,mnolda6l@last.fm,238
239,Nichols,Headly,nheadly6m@jalbum.net,239
240,Luce,Barrett,lbarrett6n@webnode.com,240
241,Madelin,Watmore,mwatmore6o@cdbaby.com,241
242,Raphaela,Kamienski,rkamienski6p@bbb.org,242
243,Rozalin,Blaxill,rblaxill6q@webmd.com,243
244,Melly,Seedhouse,mseedhouse6r@360.cn,244
245,Janina,Gall,jgall6s@shareasale.com,245
246,Nil,Penman,npenman6t@rambler.ru,246
247,Aloisia,Gilsthorpe,agilsthorpe6u@dagondesign.com,247
248,Keeley,Sotheron,ksotheron6v@stanford.edu,248
249,Heywood,Gardener,hgardener6w@sphinn.com,249
250,Romola,MacInerney,rmacinerney6x@icq.com,250
251,Sheelah,Tuerena,stuerena6y@webnode.com,251
252,Nollie,Behrend,nbehrend6z@free.fr,252
253,Laverne,Prowting,lprowting70@vistaprint.com,253
254,Vitoria,Lock,vlock71@typepad.com,254
255,Kyla,Alps,kalps72@un.org,255
256,Gallard,Eilles,geilles73@blogspot.com,256
257,Teodoor,Teodoro,tteodoro74@earthlink.net,257
258,Zorine,Haps,zhaps75@over-blog.com,258
259,Corine,Latch,clatch76@angelfire.com,259
260,Addia,Berndtssen,aberndtssen77@mail.ru,260
261,Way,Ayllett,wayllett78@columbia.edu,261
262,Patrizia,Picopp,ppicopp79@china.com.cn,262
263,Roselia,Side,rside7a@rakuten.co.jp,263
264,Mollie,Dudhill,mdudhill7b@wix.com,264
265,Nonna,Bertelmot,nbertelmot7c@theglobeandmail.com,265
266,Benedicto,Magne,bmagne7d@phpbb.com,266
267,Fayth,Churchard,fchurchard7e@twitpic.com,267
268,Genevieve,Tranter,gtranter7f@vkontakte.ru,268
269,Larine,Rayer,lrayer7g@list-manage.com,269
270,Malva,Garvagh,mgarvagh7h@abc.net.au,270
271,Norma,Giovannoni,ngiovannoni7i@hhs.gov,271
272,Amelie,Shovel,ashovel7j@godaddy.com,272
273,Konstantin,Millions,kmillions7k@twitpic.com,273
274,Laurette,McGilbon,lmcgilbon7l@independent.co.uk,274
275,Bradan,Purkess,bpurkess7m@home.pl,275
276,Candida,Hessay,chessay7n@xrea.com,276
277,Tudor,Largen,tlargen7o@shop-pro.jp,277
278,Birgit,Fudger,bfudger7p@bandcamp.com,278
279,Shawnee,Eborall,seborall7q@techcrunch.com,279
280,Phylys,Horning,phorning7r@scribd.com,280
281,Janice,Blayney,jblayney7s@chicagotribune.com,281
282,Coleen,Gayther,cgayther7t@a8.net,282
283,Barr,Janodet,bjanodet7u@hostgator.com,283
284,Burton,Rozenzweig,brozenzweig7v@nps.gov,284
285,Felicle,Colebourne,fcolebourne7w@delicious.com,285
286,Katerine,Giacubbo,kgiacubbo7x@archive.org,286
287,Natala,Stummeyer,nstummeyer7y@ox.ac.uk,287
288,Adrian,Rummin,arummin7z@mtv.com,288
289,Darcy,Trobridge,dtrobridge80@blogtalkradio.com,289
290,Lars,McKenna,lmckenna81@pbs.org,290
291,Nicholas,Hoyes,nhoyes82@buzzfeed.com,291
292,Stephine,Barnewille,sbarnewille83@guardian.co.uk,292
293,Paulo,Morehall,pmorehall84@studiopress.com,293
294,Leonerd,Tolomio,ltolomio85@businesswire.com,294
295,Vanya,Teaz,vteaz86@google.com,295
296,Freida,Jeafferson,fjeafferson87@comcast.net,296
297,Crystie,Alps,calps88@sourceforge.net,297
298,Gina,Dumbrill,gdumbrill89@eventbrite.com,298
299,Leone,Burdess,lburdess8a@gov.uk,299
300,Gabe,Brisland,gbrisland8b@1688.com,300
301,Christiana,Stainburn,cstainburn8c@huffingtonpost.com,301
302,Jerrie,Heater,jheater8d@so-net.ne.jp,302
303,Boniface,Hutley,bhutley8e@shop-pro.jp,303
304,Jule,Baroch,jbaroch8f@ihg.com,304
305,Sigismund,Clancy,sclancy8g@dot.gov,305
306,Marcellus,Romanetti,mromanetti8h@boston.com,306
307,Benny,Bogeys,bbogeys8i@techcrunch.com,307
308,Anestassia,Jorin,ajorin8j@yelp.com,308
309,Sargent,Gorch,sgorch8k@aboutads.info,309
310,Trstram,Cronshaw,tcronshaw8l@tumblr.com,310
311,Levi,Trorey,ltrorey8m@oaic.gov.au,311
312,Phylis,Roches,proches8n@yandex.ru,312
313,Carey,Bramsen,cbramsen8o@slideshare.net,313
314,Kirby,Liley,kliley8p@tinyurl.com,314
315,Janel,Trulock,jtrulock8q@mapy.cz,315
316,Doll,Moulin,dmoulin8r@google.nl,316
317,Inglebert,Nasi,inasi8s@seattletimes.com,317
318,Russell,Larkings,rlarkings8t@creativecommons.org,318
319,Anna-diana,Radenhurst,aradenhurst8u@webmd.com,319
320,Jodie,Goodredge,jgoodredge8v@smh.com.au,320
321,Rolf,Arnatt,rarnatt8w@flickr.com,321
322,Gerardo,Drinkhall,gdrinkhall8x@mlb.com,322
323,Ossie,Britnell,obritnell8y@zimbio.com,323
324,Gaby,Simionato,gsimionato8z@disqus.com,324
325,Jeanne,Walkden,jwalkden90@mtv.com,325
326,Elvira,Renforth,erenforth91@cbc.ca,326
327,Shoshanna,O'Hartagan,sohartagan92@ucsd.edu,327
328,Ramona,Joist,rjoist93@opera.com,328
329,Claire,Mabone,cmabone94@privacy.gov.au,329
330,Georgina,Francioli,gfrancioli95@cyberchimps.com,330
331,Maribeth,Harlett,mharlett96@cdbaby.com,331
332,Karina,Bentick,kbentick97@skype.com,332
333,Conrado,Olyfant,colyfant98@list-manage.com,333
334,Elspeth,Grinin,egrinin99@php.net,334
335,Nettie,Edsell,nedsell9a@desdev.cn,335
336,Kaile,O'Doireidh,kodoireidh9b@slideshare.net,336
337,Cross,Corradi,ccorradi9c@twitter.com,337
338,Ricardo,Eisold,reisold9d@sakura.ne.jp,338
339,Taber,Langwade,tlangwade9e@economist.com,339
340,Tommie,Devanny,tdevanny9f@clickbank.net,340
341,Brittaney,Filipchikov,bfilipchikov9g@ibm.com,341
342,Kerwin,Edrich,kedrich9h@ebay.co.uk,342
343,Mellisent,Rooksby,mrooksby9i@boston.com,343
344,Irwin,Stag,istag9j@zimbio.com,344
345,Desiree,O'Shields,doshields9k@furl.net,345
346,Paloma,Normanvill,pnormanvill9l@theguardian.com,346
347,Roland,Tuting,rtuting9m@fotki.com,347
348,Kev,Shere,kshere9n@lycos.com,348
349,Tyrus,Wanstall,twanstall9o@surveymonkey.com,349
350,Hall,Radleigh,hradleigh9p@thetimes.co.uk,350
351,Damien,Bartoloma,dbartoloma9q@pen.io,351
352,William,Hiom,whiom9r@biglobe.ne.jp,352
353,Bruce,Fishby,bfishby9s@soup.io,353
354,Wynn,Bratton,wbratton9t@thetimes.co.uk,354
355,Tommi,Kiefer,tkiefer9u@howstuffworks.com,355
356,Lilian,Tilt,ltilt9v@thetimes.co.uk,356
357,Georgia,Guidoni,gguidoni9w@answers.com,357
358,Kylen,Vittore,kvittore9x@pbs.org,358
359,Ephrem,Pittendreigh,epittendreigh9y@bloomberg.com,359
360,Sigfrid,Townrow,stownrow9z@whitehouse.gov,360
361,Whitby,Gerge,wgergea0@ed.gov,361
362,Danila,Olenchikov,dolenchikova1@youtu.be,362
363,Maurene,Rollitt,mrollitta2@imdb.com,363
364,Aloysius,Montilla,amontillaa3@ucoz.com,364
365,Cookie,Bew,cbewa4@elegantthemes.com,365
366,Meryl,Goodlud,mgoodluda5@furl.net,366
367,Duane,Blamire,dblamirea6@github.io,367
368,Chris,Kilkenny,ckilkennya7@state.gov,368
369,Todd,Duns,tdunsa8@hp.com,369
370,Ulla,Tomblings,utomblingsa9@cocolog-nifty.com,370
371,Gerianna,Collman,gcollmanaa@youku.com,371
372,Humfrid,Barthelet,hbartheletab@moonfruit.com,372
373,Elvis,Clausson,eclaussonac@ycombinator.com,373
374,Waldon,Nisbet,wnisbetad@chronoengine.com,374
375,Lennard,Zambon,lzambonae@google.fr,375
376,Mendy,Standage,mstandageaf@noaa.gov,376
377,Tatiania,Battison,tbattisonag@oaic.gov.au,377
378,Aldin,Hendriks,ahendriksah@mashable.com,378
379,Laughton,Abbotson,labbotsonai@amazon.co.jp,379
380,Cora,Ternott,cternottaj@globo.com,380
381,Sterling,Ruppert,sruppertak@wsj.com,381
382,Willy,Cockren,wcockrenal@4shared.com,382
383,Dory,Lapre,dlapream@chicagotribune.com,383
384,Caty,Hobell,chobellan@mozilla.org,384
385,Gaby,Hayhow,ghayhowao@netscape.com,385
386,Anne,Dawbery,adawberyap@jugem.jp,386
387,Aron,Bathersby,abathersbyaq@ucoz.com,387
388,Kalindi,Raison,kraisonar@oaic.gov.au,388
389,Markos,Bisacre,mbisacreas@xing.com,389
390,Crystie,Badman,cbadmanat@cmu.edu,390
391,Innis,Cavnor,icavnorau@qq.com,391
392,Staci,Inmett,sinmettav@homestead.com,392
393,Lorry,Sandal,lsandalaw@marketwatch.com,393
394,Sebastien,Kiddey,skiddeyax@linkedin.com,394
395,Wilma,Sore,wsoreay@nps.gov,395
396,Johan,Arrigo,jarrigoaz@adobe.com,396
397,Carolyne,Rosenschein,crosenscheinb0@patch.com,397
398,Giralda,Wren,gwrenb1@sogou.com,398
399,Toma,Braam,tbraamb2@g.co,399
400,Gram,Necrews,gnecrewsb3@t.co,400
401,Robby,Petkov,rpetkovb4@ovh.net,401
402,Eleen,Mosedill,emosedillb5@myspace.com,402
403,Jaclin,Broose,jbrooseb6@bigcartel.com,403
404,Hube,Dreossi,hdreossib7@joomla.org,404
405,Arvie,Fronzek,afronzekb8@umn.edu,405
406,Ferdinande,Anfosso,fanfossob9@geocities.jp,406
407,Celle,Slingsby,cslingsbyba@youtu.be,407
408,Valeda,Pentelow,vpentelowbb@google.nl,408
409,Freddie,Tointon,ftointonbc@google.it,409
410,Charlton,Glanvill,cglanvillbd@live.com,410
411,Janina,Petett,jpetettbe@adobe.com,411
412,Rayner,Hanley,rhanleybf@apache.org,412
413,Marcelo,Kinnon,mkinnonbg@statcounter.com,413
414,Annie,Sterman,astermanbh@hostgator.com,414
415,Mei,Pinilla,mpinillabi@jiathis.com,415
416,Annis,Froom,afroombj@techcrunch.com,416
417,Gusta,Meric,gmericbk@about.me,417
418,Kimble,Langhorn,klanghornbl@patch.com,418
419,Katina,Dougill,kdougillbm@nsw.gov.au,419
420,Jameson,Kinvan,jkinvanbn@aboutads.info,420
421,Troy,Berzon,tberzonbo@microsoft.com,421
422,Aurthur,O'Mannion,aomannionbp@admin.ch,422
423,Joceline,Russo,jrussobq@discuz.net,423
424,Ailey,McShirie,amcshiriebr@smugmug.com,424
425,Ransom,Hockey,rhockeybs@blog.com,425
426,Garnette,Konzel,gkonzelbt@slideshare.net,426
427,Kristen,Greim,kgreimbu@icio.us,427
428,Annamarie,Durrell,adurrellbv@godaddy.com,428
429,Clarabelle,Rois,croisbw@ehow.com,429
430,Rhonda,Paolinelli,rpaolinellibx@irs.gov,430
431,Westbrooke,Everett,weverettby@pinterest.com,431
432,Natividad,Noyes,nnoyesbz@twitpic.com,432
433,Kerr,Leyban,kleybanc0@moonfruit.com,433
434,Ninetta,Gillice,ngillicec1@seesaa.net,434
435,Germaine,Tadgell,gtadgellc2@jugem.jp,435
436,Brucie,Confait,bconfaitc3@mtv.com,436
437,Rustin,Antic,ranticc4@washington.edu,437
438,Noland,Giblin,ngiblinc5@google.co.jp,438
439,Sabrina,Henrichs,shenrichsc6@homestead.com,439
440,Mellicent,Ainge,maingec7@wordpress.com,440
441,Gerry,Sowden,gsowdenc8@microsoft.com,441
442,Hildagard,Boggis,hboggisc9@sourceforge.net,442
443,Roddie,Hollibone,rholliboneca@wp.com,443
444,Cristabel,Coventon,ccoventoncb@altervista.org,444
445,Berri,Snowden,bsnowdencc@zimbio.com,445
446,Daniella,Lukasen,dlukasencd@istockphoto.com,446
447,Jermain,Garbar,jgarbarce@vistaprint.com,447
448,Jessie,Flecknell,jflecknellcf@msu.edu,448
449,Riordan,Larver,rlarvercg@nsw.gov.au,449
450,Tadio,Issac,tissacch@narod.ru,450
451,Honor,House,hhouseci@tumblr.com,451
452,Adoree,Burker,aburkercj@wisc.edu,452
453,Matty,Shakeshaft,mshakeshaftck@canalblog.com,453
454,Krissie,Alwell,kalwellcl@surveymonkey.com,454
455,Casi,Ceaser,cceasercm@accuweather.com,455
456,Cybill,Gaylor,cgaylorcn@yahoo.com,456
457,Jennee,Lovat,jlovatco@hud.gov,457
458,Lexy,Clac,lclaccp@forbes.com,458
459,Aguie,Gadie,agadiecq@ucoz.ru,459
460,Olia,Habard,ohabardcr@twitter.com,460
461,Karoly,Dealey,kdealeycs@auda.org.au,461
462,Barbie,Shambrooke,bshambrookect@bloglines.com,462
463,Rosmunda,Triggol,rtriggolcu@vimeo.com,463
464,Hobart,Torregiani,htorregianicv@usgs.gov,464
465,Zorah,Daveren,zdaverencw@ask.com,465
466,Halsey,Bakewell,hbakewellcx@mozilla.com,466
467,Fidel,Crutch,fcrutchcy@zimbio.com,467
468,Ruggiero,Toulson,rtoulsoncz@friendfeed.com,468
469,Nolly,Frankiss,nfrankissd0@gmpg.org,469
470,Tomas,Pote,tpoted1@ihg.com,470
471,Piotr,Haggleton,phaggletond2@unesco.org,471
472,Vinson,Rump,vrumpd3@livejournal.com,472
473,Hasheem,Kittle,hkittled4@reuters.com,473
474,Kassie,Goch,kgochd5@arstechnica.com,474
475,Omero,Surgen,osurgend6@123-reg.co.uk,475
476,Lynnett,Monget,lmongetd7@cmu.edu,476
477,Ancell,Cliss,aclissd8@google.com,477
478,Sonni,Hartas,shartasd9@delicious.com,478
479,Orly,Payton,opaytonda@ed.gov,479
480,Jacklin,Upsale,jupsaledb@etsy.com,480
481,Harli,Critch,hcritchdc@github.io,481
482,Millie,McGarvie,mmcgarviedd@issuu.com,482
483,Claudette,Tromans,ctromansde@ocn.ne.jp,483
484,Sascha,Eard,searddf@springer.com,484
485,Barbee,Simanenko,bsimanenkodg@sourceforge.net,485
486,Dorise,Gehricke,dgehrickedh@flickr.com,486
487,Junia,Blackmuir,jblackmuirdi@fc2.com,487
488,Normie,Fegan,nfegandj@ucla.edu,488
489,Gunner,Burns,gburnsdk@google.com.hk,489
490,Willi,Carlon,wcarlondl@oracle.com,490
491,Morgen,Knowler,mknowlerdm@businessinsider.com,491
492,Merrel,Scemp,mscempdn@independent.co.uk,492
493,Madlen,Andrysek,mandrysekdo@cbc.ca,493
494,Nollie,Forcer,nforcerdp@google.nl,494
495,Kikelia,Taylot,ktaylotdq@google.fr,495
496,Malva,Ochterlonie,mochterloniedr@wufoo.com,496
497,Shayne,Otto,sottods@zimbio.com,497
498,Bernetta,Topper,btopperdt@msu.edu,498
499,Carlyn,Brickham,cbrickhamdu@google.it,499
500,Ethan,Farlane,efarlanedv@illinois.edu,500
501,Kylie,Northcote,knorthcotedw@princeton.edu,501
502,Janie,Preator,jpreatordx@imdb.com,502
503,Hephzibah,Filmer,hfilmerdy@ted.com,503
504,Denny,Wilding,dwildingdz@pagesperso-orange.fr,504
505,Jillie,Loder,jlodere0@parallels.com,505
506,Marisa,Keigher,mkeighere1@weibo.com,506
507,Constanta,Wards,cwardse2@github.io,507
508,Salomone,Gebhardt,sgebhardte3@oaic.gov.au,508
509,Antonino,Crangle,acranglee4@dedecms.com,509
510,Fax,Jeskin,fjeskine5@economist.com,510
511,Henryetta,Tootell,htootelle6@wunderground.com,511
512,Debi,Woodbridge,dwoodbridgee7@shinystat.com,512
513,Klarrisa,Karpychev,kkarpycheve8@zimbio.com,513
514,Rona,Tyson,rtysone9@multiply.com,514
515,Gerri,Dotson,gdotsonea@time.com,515
516,Michell,Poon,mpooneb@xrea.com,516
517,Gabe,Valero,gvaleroec@g.co,517
518,Alis,Astman,aastmaned@sciencedirect.com,518
519,Marie-jeanne,Thurby,mthurbyee@smh.com.au,519
520,Ciel,Allett,callettef@mashable.com,520
521,Fabian,Collacombe,fcollacombeeg@tiny.cc,521
522,Tasha,Davenhill,tdavenhilleh@huffingtonpost.com,522
523,Garrot,Pepper,gpepperei@wisc.edu,523
524,Eugenia,Yannikov,eyannikovej@umn.edu,524
525,Cosmo,Crowd,ccrowdek@friendfeed.com,525
526,Rhoda,Carn,rcarnel@uol.com.br,526
527,Erich,McCullogh,emcculloghem@youtube.com,527
528,Floris,Overy,foveryen@com.com,528
529,Karie,Dufaire,kdufaireeo@house.gov,529
530,Norry,Ondrus,nondrusep@digg.com,530
531,Cristin,Surmeir,csurmeireq@issuu.com,531
532,Leoline,Rawes,lraweser@addthis.com,532
533,Regen,Brittles,rbrittleses@google.de,533
534,Kearney,Dumphries,kdumphrieset@squidoo.com,534
535,Hester,Crolla,hcrollaeu@paginegialle.it,535
536,Siward,Hlavecek,shlavecekev@rakuten.co.jp,536
537,Clarissa,Hartle,chartleew@instagram.com,537
538,Evy,Pain,epainex@bigcartel.com,538
539,Arvie,Fawdry,afawdryey@imgur.com,539
540,Elsey,Brymner,ebrymnerez@google.cn,540
541,Kelley,Kubiczek,kkubiczekf0@opensource.org,541
542,Alphonso,Batt,abattf1@artisteer.com,542
543,Onfroi,Doxey,odoxeyf2@gmpg.org,543
544,Dexter,Kerridge,dkerridgef3@marketwatch.com,544
545,Sim,Weine,sweinef4@japanpost.jp,545
546,Katherine,Talman,ktalmanf5@blogspot.com,546
547,Conrado,Revell,crevellf6@amazon.co.uk,547
548,Zabrina,Edscer,zedscerf7@geocities.jp,548
549,Cathlene,Ebdin,cebdinf8@mayoclinic.com,549
550,Markos,Ratter,mratterf9@cam.ac.uk,550
551,Boonie,Mumbray,bmumbrayfa@amazonaws.com,551
552,Amaleta,Kneel,akneelfb@skyrock.com,552
553,Inez,Goodayle,igoodaylefc@biglobe.ne.jp,553
554,Koo,Dutch,kdutchfd@pcworld.com,554
555,Malory,Wardhaw,mwardhawfe@shop-pro.jp,555
556,Thibaud,Lothlorien,tlothlorienff@over-blog.com,556
557,Annie,Bryce,abrycefg@salon.com,557
558,Sylvia,Norcross,snorcrossfh@printfriendly.com,558
559,Mathias,Peres,mperesfi@linkedin.com,559
560,Udall,MacCumeskey,umaccumeskeyfj@parallels.com,560
561,Prent,Dubois,pduboisfk@com.com,561
562,Sheri,Vinick,svinickfl@cloudflare.com,562
563,Cleavland,Tummasutti,ctummasuttifm@squarespace.com,563
564,Murial,Impleton,mimpletonfn@nba.com,564
565,Beck,Fernandes,bfernandesfo@epa.gov,565
566,Lemar,Symcox,lsymcoxfp@xrea.com,566
567,Nikolai,Tizard,ntizardfq@miibeian.gov.cn,567
568,Jabez,Elloy,jelloyfr@cisco.com,568
569,Rodina,Bootell,rbootellfs@topsy.com,569
570,Judd,Duplain,jduplainft@ocn.ne.jp,570
571,Isidora,Haxby,ihaxbyfu@desdev.cn,571
572,Chaddie,Mattacks,cmattacksfv@omniture.com,572
573,Wilt,Kenewell,wkenewellfw@amazon.co.uk,573
574,Sibbie,Kilby,skilbyfx@1688.com,574
575,Cate,Garner,cgarnerfy@msu.edu,575
576,Ruthe,Rosenstein,rrosensteinfz@twitter.com,576
577,Maryann,Syms,msymsg0@dailymail.co.uk,577
578,Zenia,Fulcher,zfulcherg1@miibeian.gov.cn,578
579,Agata,McCloy,amccloyg2@chicagotribune.com,579
580,Dante,Glanton,dglantong3@hhs.gov,580
581,Lolita,Ruppele,lruppeleg4@addtoany.com,581
582,Torie,Bradder,tbradderg5@rakuten.co.jp,582
583,Karrah,Gillatt,kgillattg6@sciencedirect.com,583
584,Wynny,Catterson,wcattersong7@plala.or.jp,584
585,Twila,Sharkey,tsharkeyg8@gmpg.org,585
586,Meade,Seppey,mseppeyg9@engadget.com,586
587,Abner,Parlet,aparletga@hugedomains.com,587
588,Thomasine,Nurdin,tnurdingb@fc2.com,588
589,Leia,Higgen,lhiggengc@cyberchimps.com,589
590,Erick,Nortunen,enortunengd@meetup.com,590
591,Ingeborg,Elia,ieliage@tuttocitta.it,591
592,Minnie,Keightley,mkeightleygf@soundcloud.com,592
593,Ara,McRinn,amcrinngg@yahoo.co.jp,593
594,Gayelord,Grayston,ggraystongh@youku.com,594
595,Leonidas,Barefoot,lbarefootgi@springer.com,595
596,Louisa,Herity,lheritygj@over-blog.com,596
597,Idelle,Cosker,icoskergk@gov.uk,597
598,Valdemar,Scotchmur,vscotchmurgl@cbslocal.com,598
599,Luella,Valentino,lvalentinogm@acquirethisname.com,599
600,Randee,Davidovitz,rdavidovitzgn@cafepress.com,600
601,Gayleen,Brou,gbrougo@hostgator.com,601
602,Pepi,Fanshawe,pfanshawegp@kickstarter.com,602
603,Rosalinde,FitzGeorge,rfitzgeorgegq@toplist.cz,603
604,Timmy,Brugden,tbrugdengr@columbia.edu,604
605,Kirk,Balmforth,kbalmforthgs@t.co,605
606,Farah,O'Mahoney,fomahoneygt@slashdot.org,606
607,Dareen,Ashborne,dashbornegu@constantcontact.com,607
608,Merline,Seman,msemangv@chron.com,608
609,Clywd,Elliot,celliotgw@ovh.net,609
610,Timmy,McIver,tmcivergx@issuu.com,610
611,Corrinne,Brian,cbriangy@nsw.gov.au,611
612,Rowena,Kennet,rkennetgz@vinaora.com,612
613,Deny,Gettins,dgettinsh0@illinois.edu,613
614,Hersh,Stellman,hstellmanh1@redcross.org,614
615,Arlie,De Beauchamp,adebeauchamph2@boston.com,615
616,Kriste,Garfath,kgarfathh3@edublogs.org,616
617,Nadia,Parnell,nparnellh4@walmart.com,617
618,Dominick,Spiers,dspiersh5@altervista.org,618
619,Valentine,L'Homme,vlhommeh6@jimdo.com,619
620,Abbie,Von Oertzen,avonoertzenh7@eepurl.com,620
621,Maurise,Moscrop,mmoscroph8@freewebs.com,621
622,Hildagarde,Casa,hcasah9@shutterfly.com,622
623,Kerstin,McAllen,kmcallenha@fc2.com,623
624,Dill,Amaya,damayahb@51.la,624
625,Roshelle,Bratley,rbratleyhc@plala.or.jp,625
626,Carlyle,Woodger,cwoodgerhd@opera.com,626
627,Ryley,Calladine,rcalladinehe@phoca.cz,627
628,Annabelle,Ridolfo,aridolfohf@ibm.com,628
629,Marwin,Whayman,mwhaymanhg@microsoft.com,629
630,Shirlene,Keemar,skeemarhh@odnoklassniki.ru,630
631,Rodina,Aughtie,raughtiehi@angelfire.com,631
632,Cally,Hubbold,chubboldhj@flavors.me,632
633,Herschel,Buggs,hbuggshk@ft.com,633
634,Tomaso,Waterfall,twaterfallhl@sciencedaily.com,634
635,Wes,Hierro,whierrohm@over-blog.com,635
636,Bibbie,Spalding,bspaldinghn@tumblr.com,636
637,Alex,Jepp,ajeppho@harvard.edu,637
638,Reeba,Stocken,rstockenhp@biglobe.ne.jp,638
639,Adiana,Croneen,acroneenhq@sourceforge.net,639
640,Dagmar,Bosward,dboswardhr@cnet.com,640
641,Lionello,Mayor,lmayorhs@amazon.co.jp,641
642,Janene,Morch,jmorchht@taobao.com,642
643,Sonnie,Dadge,sdadgehu@rediff.com,643
644,Ailee,Hollyland,ahollylandhv@cbslocal.com,644
645,Darci,Dicey,ddiceyhw@springer.com,645
646,Dolley,Bortolomei,dbortolomeihx@flavors.me,646
647,Darren,Biles,dbileshy@php.net,647
648,Uriel,Colloff,ucolloffhz@ucoz.ru,648
649,Geno,Sproat,gsproati0@lycos.com,649
650,Hal,Chanter,hchanteri1@youtu.be,650
651,Merry,Febre,mfebrei2@goo.ne.jp,651
652,Kassandra,Maestrini,kmaestrinii3@reddit.com,652
653,Germain,Mularkey,gmularkeyi4@jiathis.com,653
654,Alf,McHale,amchalei5@drupal.org,654
655,Galvin,Tompkinson,gtompkinsoni6@chron.com,655
656,Henrik,Strute,hstrutei7@pcworld.com,656
657,Doro,Huyghe,dhuyghei8@zdnet.com,657
658,Maggi,Beveridge,mbeveridgei9@xrea.com,658
659,Susie,Okenfold,sokenfoldia@sciencedirect.com,659
660,Giselbert,Doll,gdollib@dailymail.co.uk,660
661,Riobard,Cloney,rcloneyic@tumblr.com,661
662,Kelli,Gillatt,kgillattid@umn.edu,662
663,Georgette,Vye,gvyeie@altervista.org,663
664,Agustin,Ajam,aajamif@51.la,664
665,Nola,Dykas,ndykasig@forbes.com,665
666,Mandel,Haddinton,mhaddintonih@blogger.com,666
667,Gwenette,Micco,gmiccoii@shutterfly.com,667
668,Vaughn,Vallantine,vvallantineij@twitter.com,668
669,Guss,Chace,gchaceik@free.fr,669
670,Salli,Sleford,sslefordil@feedburner.com,670
671,Zack,Crolly,zcrollyim@pbs.org,671
672,Harri,Muffett,hmuffettin@wisc.edu,672
673,Ynes,Ciccetti,yciccettiio@cargocollective.com,673
674,Yul,Heigho,yheighoip@scientificamerican.com,674
675,Read,Rodgman,rrodgmaniq@cam.ac.uk,675
676,Charita,Creek,ccreekir@sina.com.cn,676
677,Craggy,Leftley,cleftleyis@meetup.com,677
678,Gabie,Seamarke,gseamarkeit@china.com.cn,678
679,Fairleigh,Fotherby,ffotherbyiu@nsw.gov.au,679
680,Laurie,Meneur,lmeneuriv@google.com,680
681,Elbertina,Ace,eaceiw@com.com,681
682,Patric,Guerro,pguerroix@cmu.edu,682
683,Georgetta,Munehay,gmunehayiy@cnn.com,683
684,Karalynn,Carney,kcarneyiz@icio.us,684
685,Beauregard,O'Dea,bodeaj0@webs.com,685
686,Saunders,Flucker,sfluckerj1@usa.gov,686
687,Edsel,Izatt,eizattj2@simplemachines.org,687
688,Neil,Copnar,ncopnarj3@netvibes.com,688
689,Scarlett,Headrick,sheadrickj4@wunderground.com,689
690,Solomon,Skeleton,sskeletonj5@columbia.edu,690
691,Brana,Batson,bbatsonj6@about.com,691
692,Van,Neesham,vneeshamj7@home.pl,692
693,Bernadene,Latek,blatekj8@yale.edu,693
694,Patric,West-Frimley,pwestfrimleyj9@cbc.ca,694
695,Emmerich,Bilby,ebilbyja@opera.com,695
696,Bjorn,Mahomet,bmahometjb@ucoz.com,696
697,Gregor,Savatier,gsavatierjc@drupal.org,697
698,Katalin,Schaben,kschabenjd@blogtalkradio.com,698
699,Petronia,Priddis,ppriddisje@163.com,699
700,Drucy,Lepope,dlepopejf@elpais.com,700
701,Gabriellia,Bosket,gbosketjg@github.com,701
702,Haleigh,Colwill,hcolwilljh@csmonitor.com,702
703,Lammond,Mandifield,lmandifieldji@theguardian.com,703
704,Jules,Beckerleg,jbeckerlegjj@addthis.com,704
705,Nolly,Ricciardiello,nricciardiellojk@cbsnews.com,705
706,Olin,Duxbury,oduxburyjl@printfriendly.com,706
707,Tripp,Urwen,turwenjm@lycos.com,707
708,Loren,Robrow,lrobrowjn@wisc.edu,708
709,Boyce,Musto,bmustojo@forbes.com,709
710,Reba,Tayler,rtaylerjp@umn.edu,710
711,Roana,Gronno,rgronnojq@digg.com,711
712,Birgitta,Stichall,bstichalljr@home.pl,712
713,Brody,Glozman,bglozmanjs@bloomberg.com,713
714,Liana,Simeoli,lsimeolijt@163.com,714
715,Ivie,Parlott,iparlottju@hp.com,715
716,Briney,Angove,bangovejv@samsung.com,716
717,Chickie,Patron,cpatronjw@chron.com,717
718,Marmaduke,Flips,mflipsjx@hc360.com,718
719,Dorri,Surmeir,dsurmeirjy@squarespace.com,719
720,Kliment,Onele,konelejz@oracle.com,720
721,Ardelia,Copcote,acopcotek0@constantcontact.com,721
722,Amata,Iremonger,airemongerk1@topsy.com,722
723,Robinia,Henrichsen,rhenrichsenk2@mysql.com,723
724,Courtnay,Caldow,ccaldowk3@timesonline.co.uk,724
725,Janka,Stickings,jstickingsk4@trellian.com,725
726,Rudolfo,Molesworth,rmolesworthk5@amazon.co.jp,726
727,Emelita,Leadstone,eleadstonek6@delicious.com,727
728,Susann,Saylor,ssaylork7@census.gov,728
729,Dayle,Allanson,dallansonk8@fc2.com,729
730,Claudell,Yarranton,cyarrantonk9@pen.io,730
731,Kathy,Bedborough,kbedboroughka@naver.com,731
732,Carmina,Bezemer,cbezemerkb@salon.com,732
733,Tirrell,Kybert,tkybertkc@omniture.com,733
734,Fiona,Bryns,fbrynskd@cafepress.com,734
735,Luise,Atger,latgerke@icio.us,735
736,Eba,Donkersley,edonkersleykf@ezinearticles.com,736
737,Fianna,Ramiro,framirokg@intel.com,737
738,Crystie,Burland,cburlandkh@blogspot.com,738
739,Smitty,Maydway,smaydwayki@digg.com,739
740,Solomon,Delves,sdelveskj@fotki.com,740
741,Ikey,Logsdale,ilogsdalekk@tinypic.com,741
742,Dunn,Studart,dstudartkl@delicious.com,742
743,Miguela,Rodolico,mrodolicokm@timesonline.co.uk,743
744,Stanleigh,Tokley,stokleykn@whitehouse.gov,744
745,Garvey,Stearndale,gstearndaleko@cpanel.net,745
746,Jeana,Coyett,jcoyettkp@delicious.com,746
747,Teodora,Yurshev,tyurshevkq@delicious.com,747
748,Kerby,Kloska,kkloskakr@ucsd.edu,748
749,Ginni,Hogbin,ghogbinks@prlog.org,749
750,Edeline,Geelan,egeelankt@google.ca,750
751,Taffy,Perham,tperhamku@free.fr,751
752,Emlyn,Fetter,efetterkv@gravatar.com,752
753,Drona,Pollack,dpollackkw@multiply.com,753
754,Chaddie,Willetts,cwillettskx@tinyurl.com,754
755,Kristo,Troppmann,ktroppmannky@youtu.be,755
756,Bancroft,Thomsen,bthomsenkz@furl.net,756
757,Angie,Gault,agaultl0@furl.net,757
758,Michale,De Biasio,mdebiasiol1@51.la,758
759,Tarra,Struys,tstruysl2@time.com,759
760,Brendin,Chase,bchasel3@alibaba.com,760
761,Clayborn,Milham,cmilhaml4@dion.ne.jp,761
762,Portie,Roden,prodenl5@sohu.com,762
763,Zackariah,Olivazzi,zolivazzil6@epa.gov,763
764,Sonni,Nawton,snawtonl7@furl.net,764
765,Cyrille,Helliker,chellikerl8@hostgator.com,765
766,Orazio,Miners,ominersl9@i2i.jp,766
767,Elspeth,Matyushonok,ematyushonokla@instagram.com,767
768,Piotr,Ferdinand,pferdinandlb@themeforest.net,768
769,Tessi,Mayger,tmaygerlc@gmpg.org,769
770,Aldous,Strowther,astrowtherld@photobucket.com,770
771,Ariella,Tuny,atunyle@tuttocitta.it,771
772,Silas,Mugglestone,smugglestonelf@alibaba.com,772
773,Glyn,Haistwell,ghaistwelllg@redcross.org,773
774,Geraldine,Marklin,gmarklinlh@a8.net,774
775,Guss,Piesold,gpiesoldli@upenn.edu,775
776,Peggy,Huster,phusterlj@bloglines.com,776
777,Amble,Skitch,askitchlk@prweb.com,777
778,Serena,Penwarden,spenwardenll@cam.ac.uk,778
779,Barron,Salter,bsalterlm@booking.com,779
780,Alexandros,Busen,abusenln@artisteer.com,780
781,Whitby,Scone,wsconelo@wsj.com,781
782,Reid,Gooly,rgoolylp@so-net.ne.jp,782
783,Georgetta,Kirkpatrick,gkirkpatricklq@ifeng.com,783
784,Zeb,Ratley,zratleylr@comsenz.com,784
785,Adel,Waterhouse,awaterhousels@ebay.co.uk,785
786,Romeo,Sillett,rsillettlt@home.pl,786
787,Brigitta,Ivankin,bivankinlu@wufoo.com,787
788,Dex,Fedoronko,dfedoronkolv@over-blog.com,788
789,Felix,Sapsford,fsapsfordlw@a8.net,789
790,Darren,Scamadine,dscamadinelx@webnode.com,790
791,Remington,Alcoran,ralcoranly@apple.com,791
792,Barrett,Oakley,boakleylz@issuu.com,792
793,Anatollo,Woodstock,awoodstockm0@reddit.com,793
794,Helena,Gambles,hgamblesm1@jimdo.com,794
795,Barry,Prayer,bprayerm2@bravesites.com,795
796,Shawnee,Winman,swinmanm3@icq.com,796
797,Edin,Brimner,ebrimnerm4@privacy.gov.au,797
798,Cly,Pinchback,cpinchbackm5@github.com,798
799,Win,Gheorghescu,wgheorghescum6@google.com.au,799
800,Bev,Cano,bcanom7@twitpic.com,800
801,Hymie,Bolletti,hbollettim8@simplemachines.org,801
802,Jory,Mantz,jmantzm9@miibeian.gov.cn,802
803,Quill,Kob,qkobma@webeden.co.uk,803
804,Svend,Marklin,smarklinmb@wordpress.org,804
805,Bentley,Leil,bleilmc@accuweather.com,805
806,Bernadene,Canape,bcanapemd@telegraph.co.uk,806
807,Markus,Trulock,mtrulockme@a8.net,807
808,Gleda,Pavier,gpaviermf@sphinn.com,808
809,Sonny,Rocks,srocksmg@vimeo.com,809
810,Gideon,Okenden,gokendenmh@ocn.ne.jp,810
811,Jessica,D'Ugo,jdugomi@chronoengine.com,811
812,Ammamaria,MacMakin,amacmakinmj@amazon.co.jp,812
813,Ernestine,Showler,eshowlermk@tripadvisor.com,813
814,Arabelle,O'Duane,aoduaneml@salon.com,814
815,Maxim,Hayhoe,mhayhoemm@facebook.com,815
816,Camella,Illiston,cillistonmn@vk.com,816
817,Alphonse,Alywen,aalywenmo@unesco.org,817
818,Jerrie,Bernetti,jbernettimp@state.tx.us,818
819,Ahmad,Holsall,aholsallmq@nih.gov,819
820,Sydney,Coale,scoalemr@vk.com,820
821,Tonye,Dulwitch,tdulwitchms@shop-pro.jp,821
822,Rance,Trunby,rtrunbymt@walmart.com,822
823,Curr,Edmenson,cedmensonmu@opera.com,823
824,Libbie,Arling,larlingmv@hugedomains.com,824
825,Tillie,Mallall,tmallallmw@myspace.com,825
826,Rickert,Bower,rbowermx@nytimes.com,826
827,Marchelle,Skoate,mskoatemy@redcross.org,827
828,Melvin,Peplay,mpeplaymz@wordpress.com,828
829,Asa,Earie,aearien0@harvard.edu,829
830,Fredelia,Golightly,fgolightlyn1@prweb.com,830
831,Stewart,Cast,scastn2@purevolume.com,831
832,Lyon,Corstorphine,lcorstorphinen3@hao123.com,832
833,Loralyn,Stot,lstotn4@theglobeandmail.com,833
834,Corrianne,MacKaile,cmackailen5@myspace.com,834
835,Morganne,Klimov,mklimovn6@cnn.com,835
836,Freedman,Rumney,frumneyn7@va.gov,836
837,Aubree,Platt,aplattn8@google.com.au,837
838,Carlos,Worboy,cworboyn9@zimbio.com,838
839,Farica,Foxall,ffoxallna@tmall.com,839
840,Briana,Jordison,bjordisonnb@yolasite.com,840
841,Kristel,Edeson,kedesonnc@sciencedirect.com,841
842,Ange,Mundwell,amundwellnd@pbs.org,842
843,Farica,Lupson,flupsonne@whitehouse.gov,843
844,Lorilyn,Derx,lderxnf@baidu.com,844
845,Jonathan,Langley,jlangleyng@amazon.co.jp,845
846,Wells,Finessy,wfinessynh@weather.com,846
847,Sydelle,Form,sformni@noaa.gov,847
848,Salmon,Newsham,snewshamnj@springer.com,848
849,Shellie,Tallyn,stallynnk@craigslist.org,849
850,Inez,Carradice,icarradicenl@wiley.com,850
851,Casey,Wahncke,cwahnckenm@wired.com,851
852,Prince,Hallworth,phallworthnn@hubpages.com,852
853,Noami,Sargant,nsargantno@narod.ru,853
854,Mill,Cadwallader,mcadwalladernp@discuz.net,854
855,West,Wathan,wwathannq@bbb.org,855
856,Juditha,Millhouse,jmillhousenr@ameblo.jp,856
857,Link,Axel,laxelns@oaic.gov.au,857
858,Dre,Knutton,dknuttonnt@ow.ly,858
859,Murial,Burgett,mburgettnu@cocolog-nifty.com,859
860,Edin,Ivanisov,eivanisovnv@reddit.com,860
861,Cyrill,Volante,cvolantenw@1und1.de,861
862,Arden,Widdowes,awiddowesnx@bandcamp.com,862
863,Prentice,Cominetti,pcominettiny@techcrunch.com,863
864,Jillian,Nisard,jnisardnz@squarespace.com,864
865,Antonio,Buckoke,abuckokeo0@jiathis.com,865
866,Jenda,Longforth,jlongfortho1@ifeng.com,866
867,Kelli,Spellard,kspellardo2@google.fr,867
868,Daloris,Vales,dvaleso3@parallels.com,868
869,Livy,Poizer,lpoizero4@cam.ac.uk,869
870,Fidelio,Hing,fhingo5@elegantthemes.com,870
871,Noelle,Dikels,ndikelso6@about.me,871
872,Orion,Tibald,otibaldo7@storify.com,872
873,Bordie,Brisset,bbrisseto8@patch.com,873
874,Heida,Perrelli,hperrellio9@biglobe.ne.jp,874
875,Roddy,Gudde,rguddeoa@jiathis.com,875
876,Uriah,Conelly,uconellyob@joomla.org,876
877,Barbi,Moggle,bmoggleoc@amazon.com,877
878,Gabey,Roony,groonyod@comcast.net,878
879,Catie,Wintour,cwintouroe@arizona.edu,879
880,Curry,Sperwell,csperwellof@about.com,880
881,D'arcy,Cotherill,dcotherillog@latimes.com,881
882,Kristoforo,Birdfield,kbirdfieldoh@google.fr,882
883,Betta,Amburgy,bamburgyoi@prweb.com,883
884,Amabelle,Collison,acollisonoj@weather.com,884
885,Reggie,Romaine,rromaineok@tumblr.com,885
886,Hammad,Varcoe,hvarcoeol@mtv.com,886
887,Fran,Inchboard,finchboardom@myspace.com,887
888,Mariette,Sidney,msidneyon@latimes.com,888
889,Birgitta,Lofthouse,blofthouseoo@live.com,889
890,Cameron,Vatcher,cvatcherop@spotify.com,890
891,Juanita,Shanley,jshanleyoq@bigcartel.com,891
892,Margette,Cranke,mcrankeor@si.edu,892
893,Alfy,Pawlata,apawlataos@weather.com,893
894,Johnathon,Juster,jjusterot@apache.org,894
895,Rubina,Cawse,rcawseou@bing.com,895
896,Randene,Stenners,rstennersov@ucla.edu,896
897,Miner,Sieve,msieveow@ihg.com,897
898,Karlene,O'Lennane,kolennaneox@oakley.com,898
899,Charmion,Lytlle,clytlleoy@wisc.edu,899
900,Roselin,Antoshin,rantoshinoz@stanford.edu,900
901,Jeremie,Fissenden,jfissendenp0@columbia.edu,901
902,Irwinn,Marson,imarsonp1@goo.gl,902
903,Dacia,Carmel,dcarmelp2@howstuffworks.com,903
904,Augustine,Bambrick,abambrickp3@blogs.com,904
905,Felike,Gapp,fgappp4@amazon.de,905
906,Elizabeth,Duggary,eduggaryp5@dailymotion.com,906
907,Dolf,Parley,dparleyp6@vk.com,907
908,Gordan,Bartoszinski,gbartoszinskip7@fotki.com,908
909,Carmella,Kroon,ckroonp8@wisc.edu,909
910,Connie,Garstang,cgarstangp9@shinystat.com,910
911,Eyde,Tootal,etootalpa@ifeng.com,911
912,Thurstan,Zecchinii,tzecchiniipb@salon.com,912
913,Edwina,Hellwich,ehellwichpc@slideshare.net,913
914,Kyle,Tollady,ktolladypd@lulu.com,914
915,Pris,Lidell,plidellpe@arstechnica.com,915
916,Hakim,Grob,hgrobpf@nba.com,916
917,Clemente,Iacobacci,ciacobaccipg@foxnews.com,917
918,Gabi,Haycraft,ghaycraftph@ycombinator.com,918
919,Vaughan,Aristide,varistidepi@cpanel.net,919
920,Shalna,Welman,swelmanpj@privacy.gov.au,920
921,Monica,Carne,mcarnepk@newsvine.com,921
922,Olympie,Duffer,odufferpl@delicious.com,922
923,Ashton,Yglesias,ayglesiaspm@gravatar.com,923
924,Tracie,Inggall,tinggallpn@bing.com,924
925,Juline,Fetters,jfetterspo@google.cn,925
926,Danette,Poulsum,dpoulsumpp@clickbank.net,926
927,Con,Tesseyman,ctesseymanpq@foxnews.com,927
928,Clerissa,Cantu,ccantupr@canalblog.com,928
929,Darill,Egle,degleps@techcrunch.com,929
930,Harley,Purver,hpurverpt@usa.gov,930
931,Bradley,Martinot,bmartinotpu@posterous.com,931
932,Ado,Durden,adurdenpv@hexun.com,932
933,Justina,Heap,jheappw@hostgator.com,933
934,Dilly,Clench,dclenchpx@ebay.co.uk,934
935,Averill,O' Shea,aosheapy@yolasite.com,935
936,Vittoria,Bowle,vbowlepz@furl.net,936
937,Georgiana,Pipes,gpipesq0@toplist.cz,937
938,Anett,Varrow,avarrowq1@jigsy.com,938
939,Meggie,Irvine,mirvineq2@ezinearticles.com,939
940,Miguel,Funcheon,mfuncheonq3@facebook.com,940
941,Jules,Trotton,jtrottonq4@foxnews.com,941
942,Dion,Gianolini,dgianoliniq5@apple.com,942
943,Donielle,Hardern,dhardernq6@sbwire.com,943
944,Reade,Muris,rmurisq7@sbwire.com,944
945,Hugues,Dakhno,hdakhnoq8@marriott.com,945
946,Alva,Maling,amalingq9@geocities.jp,946
947,Salli,Venditti,svendittiqa@seesaa.net,947
948,Trstram,Cawthry,tcawthryqb@ning.com,948
949,Fernande,Mattschas,fmattschasqc@tmall.com,949
950,Brooks,Peaurt,bpeaurtqd@archive.org,950
951,Larina,Daynter,ldaynterqe@macromedia.com,951
952,Samuel,Alessandrelli,salessandrelliqf@desdev.cn,952
953,Marmaduke,Hanstock,mhanstockqg@macromedia.com,953
954,Dareen,Oswick,doswickqh@guardian.co.uk,954
955,Roselin,Chadband,rchadbandqi@vinaora.com,955
956,Bron,Fittis,bfittisqj@techcrunch.com,956
957,Sullivan,Lemary,slemaryqk@upenn.edu,957
958,Cacilia,Charley,ccharleyql@latimes.com,958
959,Ulises,McSwan,umcswanqm@cpanel.net,959
960,Carolin,Gorman,cgormanqn@epa.gov,960
961,Julius,Brundrett,jbrundrettqo@shutterfly.com,961
962,Skipton,Scholig,sscholigqp@nps.gov,962
963,Olva,Douse,odouseqq@cornell.edu,963
964,Josy,Wemes,jwemesqr@skyrock.com,964
965,Matilde,Dreye,mdreyeqs@harvard.edu,965
966,Johnnie,Wetton,jwettonqt@smh.com.au,966
967,Bartie,Mayston,bmaystonqu@mlb.com,967
968,Miranda,Wivell,mwivellqv@wisc.edu,968
969,Steffie,Keeley,skeeleyqw@woothemes.com,969
970,Ignacius,Filipputti,ifilipputtiqx@biglobe.ne.jp,970
971,Dasie,O'Caherny,docahernyqy@narod.ru,971
972,Ly,Oehm,loehmqz@ft.com,972
973,Warren,Fairfoul,wfairfoulr0@wiley.com,973
974,Valeda,Botley,vbotleyr1@vinaora.com,974
975,Luise,Wilgar,lwilgarr2@quantcast.com,975
976,Erhard,Bernardi,ebernardir3@sakura.ne.jp,976
977,Clementina,O' Dooley,codooleyr4@cdbaby.com,977
978,Khalil,Timmens,ktimmensr5@myspace.com,978
979,Tilly,Ferney,tferneyr6@weather.com,979
980,Chrisse,Budcock,cbudcockr7@cnet.com,980
981,Seka,Rattrie,srattrier8@sphinn.com,981
982,Barri,Paxforde,bpaxforder9@cdc.gov,982
983,Renee,Crebo,rcrebora@quantcast.com,983
984,Lesli,Gude,lguderb@technorati.com,984
985,Amalea,Emery,aemeryrc@vinaora.com,985
986,Elizabeth,Wasmer,ewasmerrd@meetup.com,986
987,Madelyn,Guy,mguyre@ucoz.com,987
988,Zacherie,Mandeville,zmandevillerf@deviantart.com,988
989,Kathi,Carruthers,kcarruthersrg@google.ru,989
990,Jammal,Owenson,jowensonrh@deliciousdays.com,990
991,Doria,Kunat,dkunatri@skype.com,991
992,Romeo,Aronovitz,raronovitzrj@netscape.com,992
993,Hyacinthie,Dilliway,hdilliwayrk@europa.eu,993
994,Cooper,Featherbie,cfeatherbierl@howstuffworks.com,994
995,Roseline,Donisthorpe,rdonisthorperm@unblog.fr,995
996,Abagael,Kyneton,akynetonrn@4shared.com,996
997,Milty,Nerheny,mnerhenyro@hibu.com,997
998,Charis,Growcock,cgrowcockrp@mysql.com,998
999,Ann,Lindblom,alindblomrq@mediafire.com,999
1000,Melania,Carress,mcarressrr@edublogs.org,1000
